<?xml version="1.0" encoding="UTF-8"?>
<templates id="template" xml:space="preserve">

    <t t-name="ActionpadWidget" owl="1">
        <div class="actionpad">
            <button class="button set-customer" t-att-class="{'decentered': isLongName}"
                    t-on-click="trigger('click-customer')">
                <t t-if="!env.isMobile"><i class="fa fa-user" role="img" aria-label="Customer" title="Customer" /></t>
                <t t-if="client">
                    <t t-esc="client.name" />
                </t>
                <t t-else="">
                    Customer
                </t>
            </button>
            <button class="button pay" t-on-click="trigger('click-pay')">
                <div class="pay-circle">
                    <i class="fa fa-chevron-right" role="img" aria-label="Pay" title="Pay" />
                </div>
                Payment
            </button>
        </div>
    </t>

</templates>
