<?xml version="1.0" encoding="UTF-8" ?>
<templates id="template" xml:space="preserve">

    <t t-name="HomeCategoryBreadcrumb" owl="1">
        <span class="breadcrumb">
            <span t-if="!env.isMobile" class="breadcrumb-button breadcrumb-home"
                  t-on-click="trigger('switch-category', 0)">
                <i class="fa fa-home" role="img" aria-label="Home" title="Home"></i>
            </span>
            <span t-if="env.isMobile" class="breadcrumb-button breadcrumb-home"
                  t-on-click="trigger('categ-popup', props.subcategories)">
                <t t-if="env.pos.get('selectedCategoryId') === 0">
                    All
                </t>
                <t t-else="">
                    <t t-esc="props.currentCat.name"/>
                </t>
            </span>
        </span>
    </t>

</templates>
