<?xml version="1.0" encoding="UTF-8"?>
<templates id="template" xml:space="preserve">

    <t t-name="ProductScreen" owl="1">
        <div class="product-screen screen" t-att-class="{ oe_hidden: !props.isShown }">
            <div class="screen-full-width">
                <div class="leftpane" t-if="!env.isMobile || mobile_pane === 'left'">
                    <t t-if="state.cashControl">
                        <CashBoxOpening cashControl="state"/>
                    </t>
                    <t t-else="">
                        <OrderWidget/>
                            <div class="pads">
                            <div class="control-buttons">
                                <t t-foreach="controlButtons" t-as="cb" t-key="cb.name">
                                    <t t-component="cb.component" t-key="cb.name" />
                                </t>
                            </div>
                                <div class="subpads">
                                <ActionpadWidget client="client"/>
                                <NumpadWidget activeMode="state.numpadMode" />
                            </div>
                        </div>
                            <t t-if="env.isMobile">
                            <MobileOrderWidget pane="mobile_pane" t-on-switchpane="switchPane"/>
                        </t>
                    </t>
                </div>
                <div class="rightpane" t-if="!env.isMobile || mobile_pane === 'right'">
                    <ProductsWidget t-if="!state.cashControl"/>
                    <t t-if="env.isMobile">
                        <MobileOrderWidget pane="mobile_pane" t-on-switchpane="switchPane"/>
                    </t>
                </div>
            </div>
        </div>
    </t>

</templates>
